,City,Latitude,Longtitude,Max Temp,Humidity,Cloudiness,Wind Speed,Country,Date
0,Envira,-7.3,-70.2167,78.26,66,50,1.97,BR,1598929200
1,Wollongong,-34.4333,150.8833,59.79,58,23,7.7,AU,1598929200
2,Olinda,-8.0089,-34.8553,77.09,77,27,15.26,BR,1598929200
3,Grindavik,63.8424,-22.4338,52.18,92,87,10.78,IS,1598929200
4,Hukay,13.8452,120.7029,86.45,68,89,7.16,PH,1598929200
5,Tabou,4.423,-7.3528,75.04,83,89,8.25,CI,1598929200
6,Bredasdorp,-34.5322,20.0403,47.21,91,52,6.71,ZA,1598929200
7,Santa Rosa de Aguán,15.95,-85.7167,82.83,81,3,18.1,HN,1598929200
8,Cap Malheureux,-19.9842,57.6142,72.59,76,13,21.85,MU,1598929200
9,Carauari,-4.8828,-66.8958,74.93,87,49,0.78,BR,1598929200
10,Busselton,-33.65,115.3333,56.48,71,52,26.04,AU,1598929200
11,Sur,22.5667,59.5289,83.55,62,65,6.76,OM,1598929200
12,Rikitea,-23.1203,-134.9692,68.81,86,73,17.85,PF,1598929200
13,Hofn,64.2539,-15.2082,50.9,94,71,15.35,IS,1598929200
14,Punta Arenas,-53.15,-70.9167,35.94,85,8,6.22,CL,1598929200
15,Piopio,-38.4667,175.0167,58.39,77,91,5.68,NZ,1598929200
16,Mwinilunga,-11.7358,24.4293,61.97,66,44,2.98,ZM,1598929200
17,Albany,42.6001,-73.9662,60.06,76,95,3.78,US,1598929200
18,Talnakh,69.4865,88.3972,58.1,75,46,1.28,RU,1598929200
19,Mount Isa,-20.7333,139.5,84.97,15,0,15.3,AU,1598929200
20,Vung Tau,10.346,107.0843,84.51,74,82,8.77,VN,1598929200
21,Ushuaia,-54.8,-68.3,32.85,93,69,2.71,AR,1598929200
22,Lompoc,34.6391,-120.4579,62.24,78,2,3.44,US,1598929200
23,Port Alfred,-33.5906,26.891,57.18,71,100,15.68,ZA,1598929200
24,São Filipe,14.8961,-24.4956,77.43,74,34,5.53,CV,1598929200
25,Saint Paul Harbor,57.79,-152.4072,60.33,64,38,8.05,US,1598929200
26,Beringovskiy,63.05,179.3167,47.8,63,51,11.81,RU,1598929200
27,Port Elizabeth,-33.918,25.5701,57.58,68,100,15.35,ZA,1598929200
28,Iqaluit,63.7506,-68.5145,47.25,72,49,8.41,CA,1598929200
29,Avera,33.194,-82.5271,79.52,88,10,4.16,US,1598929200
30,Kyshtovka,56.555,76.6271,60.58,90,100,15.52,RU,1598929200
31,Morant Bay,17.8815,-76.4093,82.98,78,46,8.95,JM,1598929200
32,Jamestown,42.097,-79.2353,65.32,86,36,12.28,US,1598929200
33,Hobart,-42.8794,147.3294,52.63,52,72,5.03,AU,1598929200
34,San Cristobal,7.7669,-72.225,74.43,75,62,2.8,VE,1598929200
35,Vaini,-21.2,-175.2,78.96,86,44,14.9,TO,1598929200
36,Zvishavane,-20.3267,30.0665,57.83,90,100,9.64,ZW,1598929200
37,Puerto Ayora,-0.7393,-90.3518,64.94,83,80,10.11,EC,1598929200
38,Zyryanka,65.75,150.85,49.62,76,99,9.44,RU,1598929200
39,Lebu,-37.6167,-73.65,46.15,84,0,1.68,CL,1598929200
40,Touros,-5.1989,-35.4608,73.6,90,53,11.79,BR,1598929200
41,Cape Town,-33.9258,18.4232,50.86,82,40,10.22,ZA,1598929200
42,Rūdbār,30.15,62.6,73.65,34,0,17.11,AF,1598929200
43,Mataura,-46.1927,168.8643,46.13,65,82,4.99,NZ,1598929200
44,São João da Barra,-21.6403,-41.0511,72.45,85,80,10.0,BR,1598929200
45,Aklavik,68.2191,-135.0107,57.31,59,87,7.96,CA,1598929200
46,Port Hardy,50.6996,-127.4199,57.87,95,92,2.08,CA,1598929200
47,Saldanha,-33.0117,17.9442,50.59,79,7,12.33,ZA,1598929200
48,Jalu,29.0331,21.5482,74.8,43,0,2.84,LY,1598929200
49,Arraial do Cabo,-22.9661,-42.0278,72.64,85,89,9.57,BR,1598929200
50,Acapulco de Juárez,16.8634,-99.8901,82.18,75,80,2.82,MX,1598929200
51,Hilo,19.7297,-155.09,78.35,70,72,7.9,US,1598929200
52,Hermanus,-34.4187,19.2345,50.67,81,34,13.8,ZA,1598929200
53,Kapaa,22.0752,-159.319,81.63,73,51,17.45,US,1598929200
54,Illapel,-31.6308,-71.1653,47.64,78,36,1.7,CL,1598929200
55,Taloda,21.5667,74.2167,78.94,87,25,6.6,IN,1598929200
56,Airai,-8.9266,125.4092,77.54,54,18,6.78,TL,1598929200
57,Tezu,27.9167,96.1667,82.85,79,83,1.72,IN,1598929200
58,Kholm,59.2667,32.85,54.36,98,100,5.21,RU,1598929200
59,Surgut,61.25,73.4167,53.28,95,77,14.18,RU,1598929200
60,Mount Gambier,-37.8333,140.7667,56.71,60,97,12.73,AU,1598929200
61,Boulder,40.0833,-105.3505,58.39,60,87,4.14,US,1598929200
62,Codrington,-38.2667,141.9667,54.95,70,92,16.55,AU,1598929200
63,Nikolskoye,59.7035,30.7861,54.07,93,83,3.96,RU,1598929200
64,Katsuura,35.1333,140.3,82.51,70,26,13.94,JP,1598929200
65,‘Ewa Beach,21.3156,-158.0072,83.84,61,26,22.77,US,1598929200
66,Siavonga,-16.5382,28.7088,72.46,53,10,5.37,ZM,1598929200
67,Torbay,47.6666,-52.7314,53.64,91,91,21.79,CA,1598929200
68,Coahuayana Viejo,18.7333,-103.6833,77.9,84,85,1.19,MX,1598929200
69,Bluff,-46.6,168.3333,45.41,65,65,7.14,NZ,1598929200
70,Changtu,42.7788,124.0955,76.03,89,89,11.59,CN,1598929200
71,Tombouctou,20.0,-3.0,94.66,34,0,4.74,ML,1598929200
72,Atuona,-9.8,-139.0333,78.64,76,59,22.06,PF,1598929200
73,Kenora,49.8167,-94.4337,52.41,67,38,6.91,CA,1598929200
74,Ponta do Sol,32.6667,-17.1,68.2,69,12,5.46,PT,1598929200
75,Saint-Philippe,-21.3585,55.7679,69.55,72,68,14.61,RE,1598929200
76,Qaanaaq,77.484,-69.3632,29.05,85,89,5.64,GL,1598929200
77,Hong Kong,22.2855,114.1577,88.86,67,5,7.2,HK,1598929200
78,Piran,45.5278,13.5706,61.9,85,100,15.46,SI,1598929200
79,Caravelas,-17.7125,-39.2481,71.92,88,73,5.44,BR,1598929200
80,Nuevitas,21.5453,-77.2644,81.68,80,12,10.18,CU,1598929200
81,Bam,29.106,58.357,74.89,20,0,14.34,IR,1598929200
82,Ribeira Grande,38.5167,-28.7,71.53,73,39,13.53,PT,1598929200
83,Cayenne,4.9333,-52.3333,78.93,84,30,10.96,GF,1598929200
84,Vorotynets,56.0603,45.8633,64.27,68,61,10.16,RU,1598929200
85,Pisco,-13.7,-76.2167,59.77,83,22,1.21,PE,1598929200
86,Saint George,37.1041,-113.5841,90.1,14,1,9.4,US,1598929200
87,Basoko,1.2391,23.616,71.15,94,60,2.06,CD,1598929200
88,Kiruna,67.8557,20.2251,39.13,81,69,6.51,SE,1598929200
89,Geraldton,-28.7667,114.6,63.7,56,54,18.68,AU,1598929200
90,Shelburne,44.0787,-80.2041,60.35,84,20,6.62,CA,1598929200
91,Maniitsoq,65.4167,-52.9,45.77,74,39,11.36,GL,1598929200
92,Kholtoson,50.2981,103.3097,60.31,64,16,2.55,RU,1598929200
93,Samfya,-11.3649,29.5565,64.29,43,0,8.14,ZM,1598929200
94,Cefalù,38.0386,14.0229,72.7,74,96,7.14,IT,1598929200
95,Arlit,18.7369,7.3853,93.09,34,38,6.98,NE,1598929200
96,Bagaces,10.5271,-85.2548,75.52,90,34,2.8,CR,1598929200
97,Saint-Augustin,51.226,-58.6502,47.5,87,89,6.8,CA,1598929200
98,Garden City,42.3256,-83.331,69.6,67,41,4.9,US,1598929200
99,Tamandaré,-8.7597,-35.1047,74.12,80,7,10.54,BR,1598929200
100,Karachi,24.9056,67.0822,81.82,80,69,13.0,PK,1598929200
101,Cabo San Lucas,22.8909,-109.9124,80.92,78,30,5.93,MX,1598929200
102,Seoul,37.5683,126.9778,88.9,58,45,4.99,KR,1598929200
103,Sortland,68.6949,15.4162,50.25,92,100,7.27,NO,1598929200
104,Havøysund,70.9963,24.6622,46.29,79,87,15.88,NO,1598929200
105,Buraidah,26.326,43.975,81.52,19,1,7.11,SA,1598929200
106,Denpasar,-8.65,115.2167,82.33,78,53,8.93,ID,1598929200
107,Makakilo City,21.3469,-158.0858,83.01,63,26,20.85,US,1598929200
108,Aksarka,66.5606,67.7975,46.78,86,100,6.73,RU,1598929200
109,Yellowknife,62.456,-114.3525,48.07,62,87,11.54,CA,1598929200
110,Jalor,25.35,72.6167,77.72,88,81,11.77,IN,1598929200
111,Nizhnyaya Tavda,57.6731,66.1725,56.64,91,93,6.71,RU,1598929200
112,Pevek,69.7008,170.3133,37.13,92,97,11.21,RU,1598929200
113,Khovd,48.0056,91.6419,62.94,47,0,2.82,MN,1598929200
114,Grevesmühlen,53.8667,11.1833,54.16,83,37,4.94,DE,1598929200
115,Were Īlu,10.6,39.4333,51.21,93,99,1.7,ET,1598929200
116,Esperance,-33.8667,121.9,59.11,75,65,26.66,AU,1598929200
117,Kieta,-6.2167,155.6333,84.49,69,89,6.38,PG,1598929200
118,Mīnāb,27.1467,57.0801,89.98,28,0,5.68,IR,1598929200
119,Bereda,43.2686,-7.5406,53.22,92,96,1.32,ES,1598929200
120,Chui,-33.6971,-53.4616,45.55,75,100,9.13,UY,1598929200
121,Jining,35.405,116.5814,83.89,71,0,8.9,CN,1598929200
122,Tilichiki,60.4667,166.1,55.02,55,67,11.95,RU,1598929200
123,Lagoa,39.05,-27.9833,70.84,70,53,9.95,PT,1598929200
124,Sri Aman,1.2376,111.4621,81.93,87,59,1.95,MY,1598929200
125,Shagonar,51.5333,92.8,61.59,62,0,0.51,RU,1598929200
126,Carnarvon,-24.8667,113.6333,68.47,84,56,20.69,AU,1598929200
127,Kurchum,48.5722,83.6542,73.67,37,0,3.65,KZ,1598929200
128,Port Augusta,-32.5,137.7667,67.69,34,43,19.75,AU,1598929200
129,Castro,-24.7911,-50.0119,57.72,90,89,12.39,BR,1598929200
130,Bethel,41.3712,-73.414,63.01,79,49,3.74,US,1598929200
131,Gubkinskiy,64.434,76.5026,53.17,81,100,22.28,RU,1598929200
132,Maniwaki,46.3834,-75.966,54.12,87,6,4.29,CA,1598929200
133,Pangnirtung,66.1451,-65.7125,49.06,53,95,8.68,CA,1598929200
134,Moerai,-22.4333,-151.3333,70.5,76,96,20.69,PF,1598929200
135,Mundo Nuevo (Ojo de Agua),18.7,-95.5,85.19,68,2,7.07,MX,1598929200
136,Júlio de Castilhos,-29.2269,-53.6817,47.5,90,94,18.1,BR,1598929200
137,Tocopilla,-22.092,-70.1979,59.04,64,48,1.05,CL,1598929200
138,Novorozhdestvenskaya,45.8619,39.9542,68.63,42,0,14.29,RU,1598929200
139,Souillac,-20.5167,57.5167,70.39,79,51,16.49,MU,1598929200
140,Hammerfest,70.6634,23.6821,44.67,82,87,12.46,NO,1598929200
141,Kununurra,-15.7667,128.7333,95.31,31,63,13.82,AU,1598929200
142,North Vanlaiphai,23.1333,93.0667,66.36,100,100,1.05,IN,1598929200
143,Yulara,-25.2406,130.9889,83.35,20,0,11.86,AU,1598929200
144,Bengkulu,-3.8004,102.2655,84.15,78,45,6.78,ID,1598929200
145,New Norfolk,-42.7826,147.0587,53.28,54,86,4.65,AU,1598929200
146,Bambous Virieux,-20.3428,57.7575,71.22,79,55,17.0,MU,1598929200
147,Gali,42.6265,41.7381,69.51,65,0,3.44,GE,1598929200
148,Lakatoro,-16.0999,167.4164,80.1,76,64,17.11,VU,1598929200
149,Carambeí,-24.9178,-50.0972,55.83,95,93,11.05,BR,1598929200
150,Mahébourg,-20.4081,57.7,71.15,79,54,17.25,MU,1598929200
151,Tasiilaq,65.6145,-37.6368,37.51,92,100,1.54,GL,1598929200
152,Beïnamar,8.6698,15.3813,70.56,94,95,3.0,TD,1598929200
153,Kagoro,9.6,8.3833,67.37,98,100,0.56,NG,1598929200
154,Hervey Bay,-25.2986,152.8535,74.53,50,0,4.54,AU,1598929200
155,Nome,64.5011,-165.4064,59.4,53,54,8.34,US,1598929200
156,Lincoln,40.8,-96.667,63.79,50,1,6.69,US,1598929200
157,Ramnagar,29.4,79.1167,82.54,79,22,1.3,IN,1598929200
158,Shizilu,35.1711,118.8289,83.1,81,5,8.46,CN,1598929200
159,Ratzeburg,53.7,10.7667,50.5,88,36,3.42,DE,1598929200
160,Lufkin,31.3382,-94.7291,83.57,78,1,9.95,US,1598929200
161,Boma,7.0805,-2.1697,69.64,96,92,3.02,GH,1598929200
162,Forsytheganj,52.6333,29.7333,59.36,94,57,6.44,BY,1598929200
163,Deputatsky,69.3,139.9,42.96,71,74,10.51,RU,1598929200
164,Thunder Bay,48.4001,-89.3168,55.4,79,82,6.4,CA,1598929200
165,Camacha,33.0833,-16.3333,69.03,78,10,15.97,PT,1598929200
166,George Town,5.4112,100.3354,84.85,78,61,4.56,MY,1598929200
167,Aswān,24.0934,32.907,84.06,19,0,5.73,EG,1598929200
168,Aljezur,37.3191,-8.8033,63.39,61,40,5.32,PT,1598929200
169,Mnogovershinnyy,53.9353,139.9242,51.49,98,100,2.64,RU,1598929200
170,Port Blair,11.6667,92.75,84.38,75,100,7.43,IN,1598929200
171,Sola,-13.8833,167.55,79.97,84,100,22.08,VU,1598929200
172,Goderich,43.7501,-81.7165,66.81,81,43,12.37,CA,1598929200
173,Namtsy,62.7161,129.6658,63.05,77,91,4.23,RU,1598929200
174,Burnie,-41.0667,145.9167,48.72,70,87,4.34,AU,1598929200
175,Manakara,-22.1333,48.0167,64.26,92,4,4.76,MG,1598929200
176,Santa Isabel Rio Negro,-0.4139,-65.0192,76.28,79,9,2.17,BR,1598929200
177,Necochea,-38.5473,-58.7368,38.59,76,77,1.95,AR,1598929200
178,Longyearbyen,78.2186,15.6401,36.77,88,80,7.45,SJ,1598929200
179,Abhā,18.2164,42.5053,66.49,58,11,5.44,SA,1598929200
180,Stavyshche,50.4,29.5333,64.49,83,6,5.88,UA,1598929200
181,Kysyl-Syr,63.8986,122.7617,62.29,70,93,2.89,RU,1598929200
182,East London,-33.0153,27.9116,59.41,70,100,12.59,ZA,1598929200
183,Matagami,49.7502,-77.6328,57.2,73,68,9.89,CA,1598929200
184,Vanimo,-2.6741,141.3028,84.4,68,88,5.79,PG,1598929200
185,San Quintín,30.4833,-115.95,69.64,76,3,10.94,MX,1598929200
186,Beyneu,45.3167,55.2,77.34,19,0,7.18,KZ,1598929200
187,Ntoum,0.3833,9.7833,75.29,87,60,3.85,GA,1598929200
188,Pueblo,38.2545,-104.6091,70.83,46,22,7.61,US,1598929200
189,Provideniya,64.3833,-173.3,50.27,56,87,8.84,RU,1598929200
190,Hobyo,5.3505,48.5268,77.43,81,27,21.41,SO,1598929200
191,Vyartsilya,62.1764,30.693,45.84,92,73,6.85,RU,1598929200
192,Magdagachi,53.45,125.8,52.12,98,100,2.84,RU,1598929200
193,Dikson,73.5069,80.5464,46.09,88,40,4.94,RU,1598929200
194,Labuhan,-6.8844,112.2051,87.6,65,35,6.98,ID,1598929200
195,Narsaq,60.9167,-46.05,45.28,81,80,3.87,GL,1598929200
196,Sicamous,50.8331,-118.9856,62.1,55,95,0.16,CA,1598929200
197,Mabay,6.0577,124.4666,87.51,62,71,3.83,PH,1598929200
198,Nanortalik,60.1432,-45.2371,43.48,89,88,9.24,GL,1598929200
199,Zhuanghe,39.7008,122.9911,78.98,79,14,8.84,CN,1598929200
200,Osterholz-Scharmbeck,53.2333,8.8,51.96,85,11,3.6,DE,1598929200
201,San Patricio,19.2167,-104.7,81.34,78,87,2.3,MX,1598929200
202,Quatre Cocos,-20.2078,57.7625,70.97,79,53,16.84,MU,1598929200
203,Jaisalmer,26.9147,70.9181,79.27,87,97,13.62,IN,1598929200
204,Avarua,-21.2078,-159.775,75.51,68,36,14.85,CK,1598929200
205,Kropotkin,45.4375,40.5756,67.23,49,0,12.19,RU,1598929200
206,Khatanga,71.9667,102.5,46.18,70,68,11.99,RU,1598929200
207,Ugoofaaru,5.6667,73.0,82.63,76,100,9.82,MV,1598929200
208,Coquimbo,-29.9533,-71.3436,52.34,79,43,5.91,CL,1598929200
209,Umm Kaddadah,13.6017,26.6876,82.54,53,84,6.89,SD,1598929200
210,Sibolga,1.7427,98.7792,81.99,79,100,1.77,ID,1598929200
211,Loralai,30.3705,68.598,74.08,64,52,4.25,PK,1598929200
212,Flagstaff,35.1981,-111.6513,67.03,44,8,12.3,US,1598929200
213,Port Shepstone,-30.7414,30.455,58.62,72,77,3.47,ZA,1598929200
214,Stokmarknes,68.5646,14.9108,51.04,90,100,14.85,NO,1598929200
215,Inhambane,-23.865,35.3833,66.83,80,99,12.73,MZ,1598929200
216,Mar del Plata,-38.0023,-57.5575,41.95,65,78,5.41,AR,1598929200
217,Sistranda,63.7256,8.834,51.67,73,44,5.88,NO,1598929200
218,Seymchan,62.8833,152.4333,52.48,68,100,4.56,RU,1598929200
219,Broken Hill,-31.95,141.4333,63.16,31,0,14.32,AU,1598929200
220,Agirish,61.9247,63.0231,50.83,88,35,7.23,RU,1598929200
221,Samarai,-10.6167,150.6667,77.86,87,95,17.65,PG,1598929200
222,Severo-Kuril'sk,50.6789,156.125,53.38,69,93,6.76,RU,1598929200
223,Barrow,71.2906,-156.7887,38.21,76,87,21.45,US,1598929200
224,Ust-Maya,60.4167,134.5333,66.16,70,51,3.71,RU,1598929200
225,Peñarroya-Pueblonuevo,38.3,-5.2667,65.19,52,26,3.78,ES,1598929200
226,Lüderitz,-26.6481,15.1594,52.84,64,0,20.27,NA,1598929200
227,Kouroussa,10.65,-9.8833,70.79,97,100,6.98,GN,1598929200
228,Faanui,-16.4833,-151.75,77.61,76,41,22.7,PF,1598929200
229,Ixtapa,20.7,-105.2,77.29,94,95,1.05,MX,1598929200
230,Tarrafal,15.2833,-23.7667,76.91,79,64,11.92,CV,1598929200
231,Galveston,29.3669,-94.9669,85.8,78,40,15.99,US,1598929200
232,Abbeyleix,52.8992,-7.3575,53.47,93,76,5.64,IE,1598929200
233,Provincia di Imperia,43.9667,7.7833,57.6,74,3,5.21,IT,1598929200
234,Fuling,29.7022,107.3919,83.89,72,20,3.91,CN,1598929200
235,Pundaguitan,6.3711,126.1689,83.64,69,76,3.36,PH,1598929200
236,Shimoda,34.6667,138.95,84.79,73,46,14.14,JP,1598929200
237,Castlemaine,-37.0667,144.2167,51.49,62,85,10.42,AU,1598929200
238,Henties Bay,-22.116,14.2845,51.08,84,0,8.75,NA,1598929200
239,The Valley,18.217,-63.0578,83.19,81,59,11.5,AI,1598929200
240,Balkanabat,39.5108,54.3671,77.23,36,0,5.1,TM,1598929200
241,Saint Anthony,45.0205,-93.218,65.8,42,40,5.57,US,1598929200
242,Lavrentiya,65.5833,-171.0,44.53,71,98,13.44,RU,1598929200
243,Puksoozero,62.5903,40.6066,44.47,92,100,6.44,RU,1598929200
244,Hasaki,35.7333,140.8333,81.27,83,82,11.99,JP,1598929200
245,Youghal,51.95,-7.8506,57.06,94,87,10.02,IE,1598929200
246,Port-Gentil,-0.7193,8.7815,74.97,83,88,13.44,GA,1598929200
247,Florida Ridge,27.5803,-80.3867,80.4,84,42,4.27,US,1598929200
248,Tuktoyaktuk,69.4541,-133.0374,54.37,65,94,10.31,CA,1598929200
249,Kahului,20.8947,-156.47,81.54,60,34,14.38,US,1598929200
250,Butaritari,3.0707,172.7902,84.33,72,84,7.7,KI,1598929200
251,Kroya,-7.6331,109.2461,80.73,78,86,10.07,ID,1598929200
252,Krieglach,47.5333,15.55,53.38,94,100,4.09,AT,1598929200
253,Adrar,20.5022,-10.0711,89.83,17,2,3.44,MR,1598929200
254,Kaitangata,-46.2817,169.8464,46.42,55,77,7.85,NZ,1598929200
255,Saskylakh,71.9167,114.0833,47.71,69,97,9.08,RU,1598929200
256,Gurupi,-11.7292,-49.0686,79.72,24,19,5.64,BR,1598929200
257,Orange,33.7,-117.7675,68.94,66,12,4.56,US,1598929200
258,Waipawa,-41.4122,175.5153,48.36,97,58,12.08,NZ,1598929200
259,Vincennes,48.85,2.4333,55.74,80,0,3.02,FR,1598929200
260,Miranda,3.2499,-76.2281,66.81,86,51,4.83,CO,1598929200
261,Ilulissat,69.2167,-51.1,35.31,90,35,5.44,GL,1598929200
262,Thompson,55.7435,-97.8558,47.55,92,67,9.17,CA,1598929200
263,Abu Samrah,35.3029,37.1841,78.75,23,0,6.33,SY,1598929200
264,Aktau,43.65,51.2,73.27,80,46,5.84,KZ,1598929200
265,Auki,-8.7676,160.7034,88.2,64,87,6.55,SB,1598929200
266,Petropavlovsk-Kamchatskiy,53.0452,158.6483,60.57,56,63,4.81,RU,1598929200
267,Yangi Marg`ilon,40.4272,71.7189,82.33,40,3,7.85,UZ,1598929200
268,Faya,18.3851,42.4509,66.15,56,1,3.58,SA,1598929200
269,Severo-Yeniseyskiy,60.3725,93.0408,54.03,97,100,13.98,RU,1598929200
270,Richards Bay,-28.783,32.0377,59.74,72,100,3.11,ZA,1598929200
271,Itaituba,-4.2761,-55.9836,77.83,68,47,1.01,BR,1598929200
272,Mogoytuy,51.2833,114.9167,61.38,81,100,10.71,RU,1598929200
273,Kongolo,-5.3833,27.0,74.93,75,52,2.42,CD,1598929200
274,Baykit,61.67,96.37,53.6,89,100,5.59,RU,1598929200
275,Hamilton,39.1834,-84.5333,73.11,87,27,2.64,US,1598929200
276,Port Hawkesbury,45.6169,-61.3485,53.87,72,24,8.99,CA,1598929200
277,Coyhaique,-45.5752,-72.0662,36.68,84,54,2.53,CL,1598929200
278,Paraná,-31.732,-60.5238,53.22,59,100,9.37,AR,1598929200
279,Cañon City,38.441,-105.2424,63.81,58,73,1.21,US,1598929200
280,Kīhei,20.785,-156.4656,83.23,57,42,3.51,US,1598929200
281,Kirakira,-10.4544,161.9205,85.3,72,74,13.18,SB,1598929200
282,Lae,-6.7221,146.9847,86.16,57,95,7.54,PG,1598929200
283,Pacific Grove,36.6177,-121.9166,61.2,74,17,2.59,US,1598929200
284,‘Āhuimanu,21.4447,-157.8378,81.34,69,53,18.95,US,1598929200
285,Skibbereen,51.55,-9.2667,58.24,97,87,11.5,IE,1598929200
286,Bac Lieu,9.285,105.7244,87.33,73,46,9.51,VN,1598929200
287,Neuquén,-38.9516,-68.0591,53.13,42,50,19.3,AR,1598929200
288,Bonavista,48.6499,-53.1147,53.01,82,96,20.71,CA,1598929200
289,Butembo,0.15,29.2833,58.24,98,51,1.1,CD,1598929200
290,Brazzaville,-4.2658,15.2832,78.98,59,90,5.06,CG,1598929200
291,Chokurdakh,70.6333,147.9167,42.24,77,100,11.79,RU,1598929200
292,Gisborne,-38.6533,178.0042,65.79,49,2,6.78,NZ,1598929200
293,Najrān,17.4924,44.1277,77.88,21,29,2.17,SA,1598929200
294,Half Moon Bay,37.4636,-122.4286,62.2,88,64,3.91,US,1598929200
295,Soe,-9.8607,124.284,80.15,65,43,13.4,ID,1598929200
296,Iquitos,-3.7481,-73.2472,75.15,87,13,1.7,PE,1598929200
297,Stromness,58.965,-3.296,54.19,83,3,15.41,GB,1598929200
298,Kautokeino,69.0125,23.0412,39.83,76,76,7.7,NO,1598929200
299,Beidao,34.5686,105.8933,69.12,60,97,1.79,CN,1598929200
300,Shannon,52.7039,-8.8642,55.96,88,86,9.71,IE,1598929200
301,Preobrazheniye,42.9019,133.9064,66.22,78,84,7.96,RU,1598929200
302,Nelson Bay,-32.7167,152.15,61.56,51,59,6.64,AU,1598929200
303,Oktyabr'skoye,43.0645,44.7417,62.47,76,0,3.15,RU,1598929200
304,Mt. Pleasant,32.7941,-79.8626,81.57,84,85,5.61,US,1598929200
305,Verkh-Usugli,52.7,115.1667,59.34,78,100,5.55,RU,1598929200
306,Guhāgar,17.4842,73.1929,79.92,86,85,2.55,IN,1598929200
307,Tiksi,71.6872,128.8694,44.82,78,0,12.75,RU,1598929200
308,Nishihara,26.1842,127.7558,83.62,87,87,42.05,JP,1598929200
309,Port Lincoln,-34.7333,135.8667,63.46,53,88,18.25,AU,1598929200
310,Biak,-0.9131,122.8766,84.45,69,26,2.06,ID,1598929200
311,Östersund,63.1792,14.6357,38.62,91,0,1.21,SE,1598929200
312,Kavaratti,10.5669,72.642,82.6,76,100,13.24,IN,1598929200
313,Kiryat Gat,31.61,34.7642,75.61,82,0,5.73,IL,1598929200
314,Tabasalu,59.4303,24.5331,54.57,82,87,13.31,EE,1598929200
315,Gambēla,8.25,34.5833,68.41,88,77,2.51,ET,1598929200
316,Sisimiut,66.9395,-53.6735,43.43,79,63,8.79,GL,1598929200
317,Xianyang,34.3378,108.7026,81.61,63,66,2.8,CN,1598929200
318,Namatanai,-3.6667,152.4333,83.21,75,76,6.33,PG,1598929200
319,Saurimo,-9.6608,20.3916,68.07,72,83,1.74,AO,1598929200
320,Raja,8.4596,25.678,69.4,91,97,3.85,SS,1598929200
321,Lakselv,70.0513,24.9718,46.54,75,90,3.13,NO,1598929200
322,Marshall,34.3834,-86.3333,74.88,77,82,3.18,US,1598929200
323,Natal,-5.795,-35.2094,74.64,89,64,12.15,BR,1598929200
324,Keïta,14.7551,5.7749,81.37,58,0,12.26,NE,1598929200
325,Oriximiná,-1.7656,-55.8661,77.41,80,15,2.24,BR,1598929200
326,Mezen',65.8522,44.24,42.87,91,78,2.26,RU,1598929200
327,Havre-St-Pierre,50.2334,-63.5986,51.21,82,48,3.87,CA,1598929200
328,Shache,38.4167,77.2406,77.85,33,54,11.3,CN,1598929200
329,Tālbahat,25.05,78.4333,80.78,84,73,7.23,IN,1598929200
330,Rawson,-43.3002,-65.1023,43.45,68,16,13.13,AR,1598929200
331,Isangel,-19.55,169.2667,75.29,61,38,13.82,VU,1598929200
332,Kashary,49.04,41.0056,66.42,38,0,6.89,RU,1598929200
333,Lorengau,-2.0226,147.2712,85.05,72,57,3.38,PG,1598929200
334,Belmonte,-15.8631,-38.8828,73.09,84,25,8.21,BR,1598929200
335,Cherskiy,68.75,161.3,46.08,70,89,3.22,RU,1598929200
336,Manokwari,-0.8667,134.0833,84.63,63,56,6.44,ID,1598929200
337,Taoudenni,22.6783,-3.9836,94.62,30,0,4.41,ML,1598929200
338,Fredericksburg,38.3032,-77.4605,67.12,95,95,4.36,US,1598929200
339,Laguna,38.421,-121.4238,80.37,37,1,11.39,US,1598929200
340,Xiaoshi,41.2971,124.1209,77.32,87,63,4.74,CN,1598929200
341,Shepsi,44.0361,39.1489,75.69,61,0,5.17,RU,1598929200
342,Skerries,53.5828,-6.1083,55.6,81,41,9.35,IE,1598929200
343,Point Pedro,9.8167,80.2333,83.48,77,92,10.89,LK,1598929200
344,Leshukonskoye,64.8989,45.7622,41.31,94,64,4.81,RU,1598929200
345,Spring Valley,36.108,-115.245,95.25,9,10,17.02,US,1598929200
346,Mackay,-21.15,149.2,72.84,67,1,12.44,AU,1598929200
347,Mahon,39.8885,4.2658,72.37,62,12,8.97,ES,1598929200
348,Ancud,-41.8697,-73.8203,43.09,86,0,5.86,CL,1598929200
349,Kanniyākumāri,8.0833,77.5667,82.83,76,75,13.98,IN,1598929200
350,St Albans,51.75,-0.3333,50.2,74,26,0.69,GB,1598929200
351,Zaysan,47.4667,84.8667,75.18,30,2,2.82,KZ,1598929200
352,Salalah,17.0151,54.0924,76.59,95,95,3.38,OM,1598929200
353,Mabaruma,8.2,-59.7833,78.04,85,92,2.53,GY,1598929200
354,Tete,-16.1564,33.5867,73.24,72,15,6.53,MZ,1598929200
355,Dunedin,-45.8742,170.5036,44.22,65,100,9.8,NZ,1598929200
356,Vila,42.0304,-8.1588,53.96,71,97,2.04,PT,1598929200
357,Paita,-5.0892,-81.1144,62.47,82,99,14.94,PE,1598929200
358,Angoche,-16.2325,39.9086,72.86,88,4,9.35,MZ,1598929200
359,Bharatpur,27.2167,77.4833,82.98,81,57,11.59,IN,1598929200
360,Belaya Gora,68.5333,146.4167,48.34,56,66,9.08,RU,1598929200
361,Honningsvåg,70.9821,25.9704,48.07,76,100,15.68,NO,1598929200
362,Skjervøy,70.0311,20.9714,48.43,85,100,10.58,NO,1598929200
363,Mangan,27.5167,88.5333,83.5,52,98,3.69,IN,1598929200
364,Stonewall,50.1344,-97.3268,53.1,61,39,10.45,CA,1598929200
365,San Juan Evangelista,17.9,-95.1333,80.47,64,6,16.06,MX,1598929200
366,Victor Harbor,-35.5667,138.6167,61.02,49,99,15.5,AU,1598929200
367,Tūkrah,32.5341,20.5791,73.89,76,0,5.08,LY,1598929200
368,Kavieng,-2.5744,150.7967,83.55,71,91,4.14,PG,1598929200
369,Buala,-8.145,159.5921,86.56,67,91,6.53,SB,1598929200
370,Blythe,33.6103,-114.5964,100.0,29,34,18.45,US,1598929200
371,Madera,37.1666,-119.8343,84.33,24,0,5.14,US,1598929200
372,Gopālpur,19.2667,84.9167,87.04,76,100,3.0,IN,1598929200
373,Genhe,50.7833,121.5167,63.01,82,94,0.81,CN,1598929200
374,Soroti,1.7146,33.6111,65.57,92,85,0.25,UG,1598929200
375,Dogondoutchi,13.6393,4.0287,80.35,70,18,10.36,NE,1598929200
376,College,64.8569,-147.8028,61.77,52,87,1.3,US,1598929200
377,Shiyan,32.6475,110.7781,83.64,49,0,4.74,CN,1598929200
378,Iskateley,67.6803,53.1512,47.93,85,100,14.12,RU,1598929200
379,Modica,36.8459,14.774,70.9,78,1,2.39,IT,1598929200
380,Inuvik,68.3499,-133.7218,58.33,57,87,6.29,CA,1598929200
381,Bereket,39.2446,55.5154,76.55,39,15,6.53,TM,1598929200
382,Mehamn,71.0357,27.8492,47.01,72,89,23.29,NO,1598929200
383,Les Cayes,18.2,-73.75,79.74,77,55,2.13,HT,1598929200
384,Omsukchan,62.5333,155.8,50.5,58,94,6.46,RU,1598929200
385,Lovozero,68.005,35.0117,45.55,88,90,4.94,RU,1598929200
386,Miracema do Tocantins,-9.5618,-48.3967,79.65,20,0,7.02,BR,1598929200
387,Kerrville,30.0474,-99.1403,86.31,59,18,8.99,US,1598929200
388,NEDJO,9.5046,35.5019,56.14,97,100,3.71,ET,1598929200
389,Korla,41.7597,86.1469,80.64,50,73,10.18,CN,1598929200
390,Fairbanks,64.8378,-147.7164,61.61,48,59,1.23,US,1598929200
391,Valley City,46.9233,-98.0032,60.82,47,49,2.8,US,1598929200
392,Kutum,14.2,24.6667,73.83,70,54,3.94,SD,1598929200
393,Hithadhoo,-0.6,73.0833,79.09,81,100,11.83,MV,1598929200
394,Morros,-9.4467,-46.3003,73.42,29,1,4.23,BR,1598929200
395,Walvis Bay,-22.9575,14.5053,49.89,76,0,9.69,NA,1598929200
396,Grand-Santi,4.25,-54.3833,75.25,74,8,3.09,GF,1598929200
397,Tual,-5.6667,132.75,79.95,85,34,14.7,ID,1598929200
398,Saint-Joseph,-21.3667,55.6167,69.28,72,69,13.04,RE,1598929200
399,Ulladulla,-35.35,150.4667,59.72,53,25,10.63,AU,1598929200
400,Vardø,70.3705,31.1107,49.64,69,72,14.85,NO,1598929200
401,Alofi,-19.0595,-169.9187,79.99,74,87,20.29,NU,1598929200
402,Sassandra,4.95,-6.0833,73.18,87,71,5.99,CI,1598929200
403,Borba,-4.3878,-59.5939,76.73,84,53,2.37,BR,1598929200
404,Biltine,14.5333,20.9167,75.97,72,98,4.25,TD,1598929200
405,Sakakah,29.9697,40.2064,78.04,13,0,0.94,SA,1598929200
406,Sokolo,14.7328,-6.1219,74.44,93,99,10.04,ML,1598929200
407,Nālūt,30.3333,10.85,82.22,17,0,9.44,LY,1598929200
408,Tweed,44.4751,-77.3162,64.76,82,37,7.11,CA,1598929200
409,Sun Valley,39.5963,-119.776,79.68,18,1,7.61,US,1598929200
410,Caucayá,-0.1934,-74.7819,74.37,88,26,1.95,CO,1598929200
411,Clyde River,70.4692,-68.5914,43.07,71,14,9.95,CA,1598929200
412,Doctor Phillips,28.4495,-81.4923,79.68,80,87,6.17,US,1598929200
413,Cidreira,-30.1811,-50.2056,58.23,70,100,11.68,BR,1598929200
414,Tynda,55.1667,124.7167,51.55,93,100,2.95,RU,1598929200
415,Bilibino,68.0546,166.4372,42.31,66,90,5.68,RU,1598929200
416,Lethem,3.3803,-59.7968,77.63,77,10,3.56,GY,1598929200
417,Fernley,39.608,-119.2518,83.44,15,8,13.73,US,1598929200
418,Marystown,47.1666,-55.1483,54.12,84,73,13.73,CA,1598929200
419,Flinders,-34.5833,150.8552,59.31,58,20,8.46,AU,1598929200
420,Diamantina,-18.2494,-43.6003,59.5,86,28,6.44,BR,1598929200
421,Khani,41.9563,42.9566,73.42,49,0,5.79,GE,1598929200
422,Cabedelo,-6.9811,-34.8339,74.97,88,46,17.98,BR,1598929200
423,Ostrovnoy,68.0531,39.5131,45.21,87,48,6.71,RU,1598929200
424,Bloomington,44.8408,-93.2983,63.64,41,42,5.21,US,1598929200
425,Nokaneng,-19.6667,22.2667,59.32,30,0,9.69,BW,1598929200
426,Anadyr,64.75,177.4833,47.14,63,67,7.72,RU,1598929200
427,Westport,41.1415,-73.3579,69.06,70,59,7.83,US,1598929200
428,Tateyama,34.9833,139.8667,82.72,79,53,13.96,JP,1598929200
429,Chingirlau,51.095,54.0814,69.4,55,0,4.09,KZ,1598929200
430,Susanville,40.4163,-120.653,77.83,22,2,5.46,US,1598929200
431,Pechora,65.1472,57.2244,48.36,92,94,5.19,RU,1598929200
432,Xining,36.6167,101.7667,62.92,59,8,1.36,CN,1598929200
433,Palu,-0.8917,119.8707,85.23,77,97,0.25,ID,1598929200
434,Nanga Eboko,4.6833,12.3667,68.56,97,92,3.56,CM,1598929200
435,Itarema,-2.9248,-39.9167,78.42,78,0,17.05,BR,1598929200
436,Sicuani,-14.2694,-71.2261,49.06,51,43,4.38,PE,1598929200
437,Rocha,-34.4833,-54.3333,40.93,77,100,6.22,UY,1598929200
438,Sioux Lookout,50.1001,-91.917,52.27,76,57,8.86,CA,1598929200
439,Shimonoseki,33.95,130.95,88.32,70,46,15.03,JP,1598929200
440,Tiarei,-17.5333,-149.3333,80.83,65,21,22.73,PF,1598929200
441,Leningradskiy,69.3833,178.4167,36.86,95,100,5.06,RU,1598929200
442,Diego de Almagro,-26.3667,-70.05,46.35,82,98,1.3,CL,1598929200
443,Acajutla,13.5928,-89.8275,80.17,82,8,2.17,SV,1598929200
444,Santa Cruz de la Sierra,-17.8,-63.1667,68.02,65,20,12.77,BO,1598929200
445,Guangming,45.3333,122.7833,79.93,55,19,10.6,CN,1598929200
446,Khandyga,62.6667,135.6,65.59,68,43,0.27,RU,1598929200
447,Dingle,10.9995,122.6711,87.37,75,80,9.24,PH,1598929200
448,Verāval,20.9,70.3667,81.95,83,35,9.01,IN,1598929200
449,La Romana,18.4273,-68.9728,79.7,92,42,9.4,DO,1598929200
450,Salinas,36.6777,-121.6555,61.54,80,7,2.28,US,1598929200
451,Guerrero Negro,27.9769,-114.0611,75.42,65,1,14.09,MX,1598929200
452,Waynesville,35.4887,-82.9887,68.18,89,84,3.38,US,1598929200
453,Pithāpuram,17.1167,82.2667,85.68,81,91,4.07,IN,1598929200
454,Río Gallegos,-51.6226,-69.2181,33.91,87,29,8.21,AR,1598929200
455,Tuatapere,-46.1333,167.6833,46.08,65,86,6.4,NZ,1598929200
456,Alta Floresta,-9.8756,-56.0861,80.37,29,2,3.83,BR,1598929200
457,Portland,45.5234,-122.6762,71.87,46,64,6.02,US,1598929200
458,Athabasca,54.7169,-113.2854,57.36,72,99,3.96,CA,1598929200
459,Ipirá,-12.1583,-39.7372,67.12,91,2,6.06,BR,1598929200
460,Kazachinskoye,57.6953,93.2761,64.36,83,80,11.16,RU,1598929200
461,Muroto-misakicho,33.2833,134.15,87.35,70,21,7.94,JP,1598929200
462,Snezhnogorsk,69.1933,33.2531,40.96,95,49,9.4,RU,1598929200
463,Mareeba,-17.0,145.4333,79.79,48,29,8.59,AU,1598929200
464,Businga,3.3333,20.8833,70.14,96,56,1.01,CD,1598929200
465,Nouadhibou,20.931,-17.0347,72.28,79,5,14.92,MR,1598929200
466,Waingapu,-9.6567,120.2641,86.79,60,5,11.18,ID,1598929200
467,Luanda,-8.8368,13.2343,69.66,85,59,6.33,AO,1598929200
468,Birao,10.2849,22.7882,70.14,93,67,2.82,CF,1598929200
469,Vila Velha,-20.3297,-40.2925,73.18,83,64,7.47,BR,1598929200
470,Podgorenskiy,50.405,39.6429,66.11,43,70,5.39,RU,1598929200
471,Tura,25.5198,90.2201,82.76,87,100,0.92,IN,1598929200
472,Bathsheba,13.2167,-59.5167,80.17,80,60,2.24,BB,1598929200
473,Rwamagana,-1.9487,30.4347,59.68,89,3,0.89,RW,1598929200
474,Palmer,42.1584,-72.3287,59.05,79,87,3.4,US,1598929200
475,Qaqortoq,60.7167,-46.0333,44.91,82,88,2.93,GL,1598929200
476,Fortuna,40.5982,-124.1573,61.14,74,10,1.61,US,1598929200
477,Inta,66.0317,60.1659,49.95,94,100,10.96,RU,1598929200
478,George,-33.963,22.4617,50.54,71,100,8.28,ZA,1598929200
479,Upernavik,72.7868,-56.1549,36.86,88,100,7.63,GL,1598929200
480,Cap-aux-Meules,47.3821,-61.8597,56.95,75,11,16.35,CA,1598929200
481,Araouane,18.9048,-3.5265,93.78,37,19,7.02,ML,1598929200
482,La Santisima Trinidad,-14.8333,-64.9,79.9,53,33,6.51,BO,1598929200
483,Kemijärvi,66.7131,27.4306,40.6,90,18,2.48,FI,1598929200
484,Kyra,49.5776,111.9753,56.61,77,100,16.24,RU,1598929200
485,Antsohihy,-14.8796,47.9875,64.74,77,2,5.59,MG,1598929200
486,Mossamedes,-15.1961,12.1522,59.61,80,0,1.34,AO,1598929200
487,Kupang,-10.1667,123.5833,87.44,60,51,6.6,ID,1598929200
488,Constantine,36.365,6.6147,57.92,90,11,2.51,DZ,1598929200
489,Nikki,9.9401,3.2108,70.63,95,89,7.56,BJ,1598929200
490,Ambon City,-3.6954,128.1814,81.19,84,82,13.98,ID,1598929200
491,Lata,40.1629,-8.3327,60.73,56,94,1.77,PT,1598929200
492,Cockburn Town,21.4612,-71.1419,83.66,81,55,19.84,TC,1598929200
493,Calama,-22.4667,-68.9333,52.05,34,41,1.88,CL,1598929200
494,Ajdabiya,30.7554,20.2263,69.58,75,0,6.13,LY,1598929200
495,Norsup,-16.0667,167.3833,80.01,76,64,16.93,VU,1598929200
496,Sinnamary,5.3833,-52.95,78.82,84,14,11.01,GF,1598929200
497,Vao,-22.6667,167.4833,68.65,70,31,12.55,NC,1598929200
498,Sitka,57.0531,-135.33,56.37,86,95,5.93,US,1598929200
499,Gijang,35.2442,129.2139,80.94,75,81,16.42,KR,1598929200
500,Zhongshu,24.5167,103.7667,75.34,74,59,1.97,CN,1598929200
501,Port Moresby,-9.4431,147.1797,83.46,72,65,20.18,PG,1598929200
502,Riyadh,24.6877,46.7219,85.14,30,42,2.68,SA,1598929200
503,Nantucket,41.2835,-70.0995,68.09,73,49,10.92,US,1598929200
504,Gonder,12.6,37.4667,54.63,91,66,2.48,ET,1598929200
505,Los Llanos de Aridane,28.6585,-17.9182,69.93,70,13,7.2,ES,1598929200
506,Muravlenko,63.7898,74.523,50.05,89,100,16.93,RU,1598929200
507,Constitución,-35.3333,-72.4167,46.18,82,0,4.7,CL,1598929200
508,Gwadar,25.1216,62.3254,80.82,82,30,6.15,PK,1598929200
509,Visnes,59.3556,5.2242,54.41,79,2,2.48,NO,1598929200
510,Nizhnevartovsk,60.9344,76.5531,54.72,86,85,17.27,RU,1598929200
511,Eskişehir,39.7767,30.5206,62.69,78,0,2.53,TR,1598929200
512,Mariāni,26.6667,94.3333,85.41,85,73,3.53,IN,1598929200
513,General Pico,-35.6566,-63.7568,48.25,59,35,12.28,AR,1598929200
514,Cascais,38.6979,-9.4215,66.16,59,80,12.35,PT,1598929200
515,Usinsk,65.9939,57.5281,47.05,92,63,12.59,RU,1598929200
516,Riviere-au-Renard,48.9957,-64.3971,51.19,76,3,5.84,CA,1598929200
517,Erzin,36.9559,36.2,79.72,59,0,2.68,TR,1598929200
518,Ji’an,27.1172,114.9793,91.17,63,1,8.88,CN,1598929200
519,Chase,50.8165,-119.6857,66.33,48,87,1.34,CA,1598929200
520,Tautira,-17.7333,-149.15,80.74,65,21,21.16,PF,1598929200
521,Poplar Bluff,36.757,-90.3929,75.13,90,10,6.35,US,1598929200
522,Klaksvík,62.2266,-6.589,52.57,92,100,26.64,FO,1598929200
523,Bolobo,-2.1667,16.2333,73.47,87,77,1.28,CD,1598929200
524,Nador,35.174,-2.9287,73.08,71,0,5.68,MA,1598929200
525,Baraboo,43.4711,-89.7443,58.17,79,1,2.59,US,1598929200
526,Nakatsugawa,35.4833,137.5,84.2,76,48,2.68,JP,1598929200
527,Sørland,67.667,12.6934,53.35,78,100,17.76,NO,1598929200
528,Meulaboh,4.1363,96.1285,81.03,86,97,9.66,ID,1598929200
529,Belle Glade,26.6845,-80.6676,80.64,85,64,2.1,US,1598929200
530,Husavik,66.0449,-17.3389,49.62,75,69,6.02,IS,1598929200
531,Price,39.5994,-110.8107,66.33,31,36,7.31,US,1598929200
532,Luganville,-15.5333,167.1667,79.65,80,80,13.11,VU,1598929200
533,Arona,28.0996,-16.681,65.05,77,31,4.0,ES,1598929200
534,Miass,55.045,60.1083,63.12,78,71,5.1,RU,1598929200
535,Ceres,37.5949,-120.9577,86.65,28,1,10.36,US,1598929200
536,Kremenchuk,49.0973,33.4197,70.09,38,0,4.38,UA,1598929200
537,Ahipara,-35.1667,173.1667,61.41,72,45,12.95,NZ,1598929200
538,Masindi,1.6744,31.715,64.62,90,82,0.2,UG,1598929200
539,San Rafael,-34.6177,-68.3301,52.95,51,94,7.76,AR,1598929200
540,Novoagansk,61.9449,76.6625,54.82,90,96,17.69,RU,1598929200
541,Pervomayskiy,53.2485,40.2871,65.75,52,39,10.33,RU,1598929200
542,San Juan,-31.5375,-68.5364,53.51,44,15,4.88,AR,1598929200
543,Sosnovo-Ozerskoye,52.5249,111.5418,57.9,81,95,8.79,RU,1598929200
544,Wewak,-3.5534,143.6268,85.55,70,84,5.7,PG,1598929200
545,Swan Hill,-35.3378,143.5544,58.3,56,86,8.66,AU,1598929200
546,Bacolod City,10.6667,122.95,86.16,72,84,8.77,PH,1598929200
547,Florianópolis,-27.6146,-48.5012,60.24,91,87,6.33,BR,1598929200
548,Dhrāngadhra,22.9833,71.4667,80.65,82,0,12.33,IN,1598929200
549,Olden,61.8364,6.8064,50.32,72,52,5.3,NO,1598929200
550,Sai Buri,6.7013,101.6168,86.9,74,56,1.39,TH,1598929200
551,Province of Mantua,45.1667,10.7833,57.43,94,82,4.74,IT,1598929200
552,Horta,38.5333,-28.6333,71.17,72,23,12.95,PT,1598929200
553,Huoqiu,32.3394,116.2694,84.4,72,0,7.85,CN,1598929200
554,Mananjary,-21.2167,48.3333,64.53,92,6,3.71,MG,1598929200
555,Ryde,50.73,-1.1621,54.77,81,7,4.94,GB,1598929200
556,Zhigansk,66.7697,123.3711,54.79,70,78,2.73,RU,1598929200
557,Malé,4.1748,73.5089,82.27,80,95,9.66,MV,1598929200
558,Barcelona,41.3888,2.159,73.53,60,54,4.36,ES,1598929200
559,Ust'-Kan,50.9276,84.761,61.25,61,0,2.82,RU,1598929200
560,Fichē,9.8,38.7333,48.18,100,99,1.74,ET,1598929200
561,Poum,-20.2333,164.0167,70.18,65,29,11.92,NC,1598929200
562,Agadez,19.75,10.25,91.74,30,13,5.59,NE,1598929200
563,Yazd,31.8972,54.3675,67.12,28,10,3.0,IR,1598929200
564,Ballina,-28.8667,153.5667,66.2,78,72,10.4,AU,1598929200
565,Pindwāra,24.8,73.0667,76.89,88,69,10.74,IN,1598929200
566,Luau,-10.7073,22.2247,72.54,54,93,3.13,AO,1598929200
567,Hirara,24.8,125.2833,84.47,90,87,45.92,JP,1598929200
568,Atar,20.5169,-13.0499,91.26,20,5,6.26,MR,1598929200
569,Bandar-e Lengeh,26.5579,54.8807,90.48,34,2,4.99,IR,1598929200
570,Opuwo,-18.0607,13.84,50.92,49,0,2.21,NA,1598929200
571,Mumbwa,-14.9783,27.0619,61.43,46,4,5.12,ZM,1598929200
572,Stanley,-51.7,-57.85,32.76,94,79,19.06,FK,1598929200
573,Asău,46.4333,26.4,64.42,86,0,1.1,RO,1598929200
574,Yerbogachën,61.2767,108.0108,61.63,66,9,6.06,RU,1598929200
575,Cajati,-24.7361,-48.1228,65.16,87,96,2.68,BR,1598929200
576,Pimentel,-6.8367,-79.9342,61.63,83,95,16.28,PE,1598929200
577,Malumfashi,11.7853,7.6218,71.19,83,57,8.3,NG,1598929200
578,Ingham,42.6,-84.3833,64.9,83,49,6.17,US,1598929200
579,Ouahigouya,13.5828,-2.4216,73.85,90,48,10.18,BF,1598929200
580,Santa Quitéria,-4.3319,-40.1567,74.35,61,1,3.8,BR,1598929200
581,Diffa,13.3154,12.6113,81.99,54,92,7.02,NE,1598929200
582,Marinette,45.1,-87.6307,60.94,76,25,8.48,US,1598929200
583,Bairiki Village,1.3292,172.9752,86.9,70,59,8.7,KI,1598929200
584,Colesberg,-30.72,25.0972,37.18,60,48,12.21,ZA,1598929200
585,Tadine,-21.55,167.8833,71.8,60,32,12.57,NC,1598929200
586,Kumluca,36.3703,30.2869,83.93,35,0,2.15,TR,1598929200
587,Manavālakurichi,8.1333,77.3,83.23,79,56,13.49,IN,1598929200
588,Maralal,1.0968,36.698,57.31,75,30,2.15,KE,1598929200
589,Wencheng,33.0559,113.7978,82.9,72,0,9.75,CN,1598929200
590,Don Luan,11.5333,106.9167,85.14,82,90,3.02,VN,1598929200
